row_idx,prediction
0,494.43870232930846
1,631.9341502357929
2,614.6965829461981
3,321.3954690511797
4,307.74243469141607
5,429.85173159855924
6,840.2188975686498
7,1408.065829541304
8,457.9348819889243
9,868.8946506861814
10,2125.4734138456233
11,1413.5599423235367
12,580.0548345147615
13,881.5164294150813
14,673.7239122286874
15,2458.092592091568
16,323.7919955406394
17,249.24745346205992
18,880.2443309120271
19,898.4817603340767
20,1305.2243990299453
21,387.6513480865822
22,748.5007027933866
23,476.58163128089893
24,1471.3599224881866
25,1871.00250352166
26,530.9950232742814
27,645.9579853046404
28,510.47932968301427
29,449.9896902833758
30,1216.8784833917127
31,1232.2900596476884
32,1888.957426280226
33,443.03330545424
34,534.5068664741514
35,1271.2384837865159
36,655.434323861019
37,484.83418762678417
38,874.2635440458621
39,644.8804565321263
40,753.8064506251696
41,1031.9533058380366
42,485.11593048925505
43,433.4991517497953
44,3185.1604374619556
45,864.773655396331
46,1034.9315626193481
47,998.3963087759366
48,1067.1509904925813
49,810.6668309294108
50,2268.9390924318373
51,529.686985408289
52,304.2421419892399
53,633.3211964123248
54,925.1019187970543
55,394.8367300733583
56,509.29303343122467
57,1126.675229681609
58,1211.9146771523413
59,211.38910330465012
60,2136.310111138183
61,538.0356428840118
62,1129.4721146237325
63,1028.3095074021048
64,988.7298600617069
65,591.5651516034686
66,2624.6849271702213
67,1185.8616900575012
68,994.5279211698144
69,1787.0725888439197
70,368.41056765161727
71,282.49078910761386
72,479.8209557207569
73,1679.330320030069
74,1903.6649957326113
75,603.2337604784088
76,907.3948624173282
77,578.4695126068837
78,674.0479689214891
79,522.8638816900004
80,1451.0887649401604
81,739.5091172945669
82,2737.976369091361
83,1129.9652353735942
84,364.4103437441206
85,447.54896090309524
86,1080.1649209896577
87,2536.845910705387
88,1962.5930502412516
89,2675.140641648947
90,661.5538845123762
91,237.90974164018573
92,608.9816702002557
93,431.4202076711925
94,476.19521986077336
95,1484.3141050907366
96,743.7655499589232
97,430.9345373322512
98,665.8713379753688
99,458.05248732023654
100,756.8429230848607
101,402.2996126154347
102,263.28078565719886
103,1396.2654500719375
104,639.1681100102123
105,357.1657797685038
106,1210.9575605104885
107,451.03188221818084
108,628.1597060272886
109,1580.9397699936053
110,2791.7615819952953
111,493.5320553537677
112,849.7643309302953
113,1286.8170659521088
114,1133.429715897069
115,1413.7820747636765
116,252.49130682362056
117,1799.2201827926463
118,895.7874849318275
119,1093.7390116431793
120,549.5905982272765
121,388.09278405155044
122,1020.1195043922246
123,2831.169283034693
124,850.7032922324579
125,783.6817743016951
126,361.4587858772534
127,337.0565830514373
128,271.5874588901971
129,330.28412789770164
130,955.6456797647661
131,651.3106561971301
132,323.66426791598906
133,682.5960331549342
134,1242.5004632526573
135,335.5420293669159
136,495.9479142056731
137,2342.698817510436
138,2429.1638435394334
139,641.284754686598
140,1182.4123652848566
141,623.3473663886019
142,452.3482866813216
143,713.9917295508037
144,941.2718058313264
145,782.4131910972962
146,350.5298128803331
147,882.8482032577613
148,863.2935469233897
149,1495.9900083515454
150,1580.9692788990383
151,1634.335139927294
152,370.96589378731073
153,486.80760988853456
154,993.6777020369867
155,258.64041500595823
156,429.23463490394687
157,928.4547391279073
158,1382.1245895576023
159,1629.3621675944673
160,2378.4982416682724
161,871.2811674404984
162,298.03146014656323
163,566.7560634200088
164,2869.081154333646
165,882.4191697975416
166,550.5776598119799
167,540.9093223838457
168,1908.9954138390094
169,1374.11612150252
170,397.755571343867
171,381.0123969749982
172,897.8665413092956
173,519.1737665369739
174,465.3944069404947
175,693.5161856823001
176,454.4076429077314
177,732.623064625862
178,3173.5849863673
179,1364.9502912367197
180,715.0492711889025
181,1041.0369791550288
182,1760.7779559041182
183,660.2278283246285
184,709.0761346299286
185,1181.070487546564
186,544.3777476051396
187,1185.6700309672779
188,302.57400739740035
189,690.4221690805573
190,384.18996537503733
191,510.04284880082577
192,517.9533205090684
193,1809.0698916611864
194,771.5439543626752
195,1625.5154689368924
196,2227.3231492772
197,915.4321110413775
198,779.1820807462144
199,1461.8619216960121
200,1325.7981164770317
201,885.3756091939052
202,1121.1799926684225
203,1645.8291785886026
204,724.3523226058544
205,2253.146944480183
206,3604.794279096426
207,1248.1189503463431
208,712.4706905284041
209,844.4167572924771
210,951.7538914619292
211,349.94224667821425
212,554.4247902942798
213,2166.6943272804665
214,356.57537967407046
215,1393.3901744404197
216,470.37415935836395
217,733.3281472642892
218,541.4484588391615
219,508.6815260050777
220,418.8279441584451
221,587.6575967424017
222,431.29759495434723
223,590.2714697527873
224,622.3160481434745
225,527.6979390803401
226,718.8999607690312
227,468.77376810176787
228,965.4122601609711
229,758.5487476957044
230,1816.451449077865
231,1191.4203040512798
232,964.4316166000335
233,1127.6516624982098
234,855.5628775091055
235,1590.6588674474092
236,2123.119052662436
237,1291.593540147155
238,525.5436149605014
239,387.926474763528
240,2477.5381752666844
241,339.9343672776569
242,616.7568973547019
243,909.3233319650135
244,935.4616073412822
245,327.8354223197858
246,1250.7032565863442
247,285.72276798129155
248,2324.5006719923126
249,351.8581859785523
250,1883.5651025536547
251,784.276874224933
252,456.34784442905504
253,229.16797202926725
254,1644.0072684113602
255,754.0676854292104
256,464.9994639540689
257,586.2909878133461
258,1244.1093060448534
259,814.1152695870633
260,444.11980559091984
261,1530.2735113842737
262,504.1319274540083
263,302.2492005849115
264,550.6505086899317
265,2368.551122195005
266,1440.6750880638592
267,963.1483543116326
268,1384.0998342111614
269,1009.1384846805342
270,374.9275969026799
271,561.4392787880374
272,788.9613720006287
273,366.28047087163424
274,1023.6936995626139
275,901.6394419358093
276,724.204517342635
277,435.0991513834008
278,654.6803364149953
279,681.2493256585715
280,397.25067551717166
281,674.1384690845583
282,919.6867113844656
283,506.2814032908495
284,735.1976510938949
285,265.29064045141376
286,728.5064865633847
287,987.1724578332557
288,1709.5179495661887
289,751.3794044390494
290,655.0700230430235
291,908.1936486610628
292,1132.7080770055952
293,411.6213868628306
294,971.5349749436593
295,463.06469475617894
296,697.5089726195079
297,1895.9712428025737
298,1767.7404874816855
299,1246.2643164870615
300,442.72180827791055
301,370.60371325144786
302,708.5841880933033
303,1747.2787432830544
304,784.3136479442676
305,956.9101469046866
306,802.1735649954703
307,1360.1169825083084
308,626.7958103161318
309,1139.7706330916726
310,303.9363091435809
311,1660.3663865825129
312,1181.294664078908
313,551.4650500544758
314,276.134361764949
315,327.2930974383054
316,1359.4194046456341
317,307.5332671319804
318,461.20097737144056
319,881.6980502134561
320,666.208088290492
321,324.62370273382015
322,224.9132627816602
323,608.7592400655188
324,1235.426800258551
325,331.0014183366375
326,1410.8871146622075
327,312.7991201166966
328,384.2037581642559
329,373.23888546525205
330,728.2891316637281
331,594.9436038702635
332,395.74389562958845
333,1415.7787786620704
334,946.4817033783796
335,488.36212106119297
336,481.62499249012444
337,427.0689059642167
338,1127.6597479079867
339,835.9048065236841
340,407.72060603338565
341,408.64904197858715
342,303.16056955506883
343,1587.4068688539746
344,874.458085239488
345,766.6503712890847
346,1522.5391125581864
347,482.9538342784008
348,463.3710623223241
349,1262.209092381775
350,2573.5094394706357
351,376.0977475757336
352,571.7751514150408
353,806.1527616611729
354,1450.03438686056
355,1340.8690492185406
356,862.9380007676077
357,272.5366494747358
358,1092.2322366692674
359,276.2144165837952
360,587.0980297352551
361,268.1164936957564
362,476.4712357656326
363,964.0145814211673
364,1373.169086354275
365,1089.682657586812
366,1582.6263939707035
367,517.1022124863566
368,1055.4747174209228
369,777.9559098079726
370,1099.9807084439547
371,808.7889796533314
372,1268.1669186256734
373,406.0425089750981
374,1538.7434349420237
375,985.2046034855446
376,636.7537660280261
377,608.9834952970426
378,1015.3041957240077
379,216.5101883736011
380,1928.2981774040788
381,834.3344882399957
382,629.564946253165
383,956.4943126583875
384,230.79670556253512
385,489.32497720436254
386,416.9593417477258
387,772.2665201764813
388,200.67599155305533
389,1245.66202646393
390,2969.113990955386
391,690.5171731731077
392,927.5334031824851
393,1520.6519164120828
394,230.74779897007892
395,702.6712816486086
396,550.0070405459724
397,418.933028544806
398,1287.85921213354
399,1846.8126735396602
400,820.4376746125224
401,579.9331656201432
402,2924.2216725411877
403,647.5772818884107
404,628.0585397672278
405,850.4366307926246
406,863.4285638918979
407,877.9498652324744
408,3442.5811634145293
409,1433.9963432244149
410,869.1442562468259
411,781.7751570085583
412,1129.4421773173526
413,1552.2516785913306
414,649.9673032088322
415,531.5022952040265
416,818.9117188478409
417,1129.1146063570136
418,591.69665237295
419,1594.4607913735945
420,453.07617898992265
421,565.2499635436301
422,1739.098819174581
423,1043.02579567475
424,611.9130309884085
425,1211.7024955144402
426,250.1346153150982
427,499.6858082524976
428,930.7169739477969
429,430.86850648950934
430,516.4250646026277
431,597.5437642493845
432,1293.6688172837257
433,402.02600751426155
434,472.67642066211397
435,336.07937891758064
436,688.1606964975016
437,1181.5343380695388
438,1311.3531083365892
439,424.8741971889232
440,649.3682450683741
441,1463.2137468209603
442,1495.792470764776
443,912.5818263025017
444,1114.8510092302454
445,522.791578489274
446,364.10044257036776
447,1185.968555473706
448,1488.0769875415433
449,388.24441369540125
450,261.01635622575253
451,454.14352693194354
452,334.0607742192815
453,1467.5643004185267
454,589.9211485041455
455,999.189389355648
456,1870.025169930736
457,1196.2995981375489
458,316.09900102392305
459,3274.040360938483
460,495.6179522488045
461,520.7408585374308
462,430.4705617178592
463,1148.5662418246197
464,1515.639796253629
465,981.788153502269
466,358.54160582745345
467,210.43831512614952
468,2098.7065680281003
469,711.599174186356
470,355.151725291685
471,840.9604811377274
472,1096.4543130795014
473,865.5127535863433
474,784.4836188310023
475,304.7583646836295
476,494.28428522694236
477,774.4744644437933
478,487.25441959569673
479,370.11579972653055
480,298.7602215485691
481,360.3322916730199
482,929.9201185009304
483,468.556026318744
484,238.89638841861242
485,448.8083999741144
486,673.0053574331118
487,582.7107563224552
488,1179.1725955352133
489,337.3062549906725
490,1000.4409031655308
491,992.2408670217507
492,329.2575110642825
493,460.8981682261314
494,465.8979890376893
495,508.5690331598917
496,300.6713437593376
497,313.73936021883895
498,1808.4826278533092
499,380.7464451612343
500,362.61692674211247
501,453.17703440149626
502,967.6060299765612
503,310.6034589004778
504,288.7763858295872
505,548.9145409597568
506,416.15114393213605
507,581.2833468270509
508,574.1747893832011
509,659.4052688749895
510,878.0223153050883
511,1255.8658978309747
512,771.26265552429
513,1774.5187538293887
514,3654.370906573822
515,297.66959466479784
516,283.89616521192914
517,1544.5367833721114
518,887.5147798985496
519,907.6949844510096
520,434.02059180291064
521,892.8382357717506
522,583.6455251603717
523,697.9469900515821
524,2548.507379926408
525,471.19945968173727
526,793.5399078931933
527,3126.407501511018
528,533.9158423335339
529,1080.11249292826
530,1080.1497439455206
531,551.5670734057306
532,367.4189610588746
533,384.90253083081313
534,674.9787849001542
535,714.5869867666893
536,355.00850588460975
537,1963.1003880933108
538,281.6271606215123
539,909.9334498624983
540,1051.9586365803468
541,211.96744785656963
542,1104.4005386586214
543,2156.7488274741486
544,382.0233680886196
545,931.097729710132
546,1060.9490994952832
547,481.0786149074528
548,858.1960406429921
549,2031.3597579474542
550,249.40059404018123
551,731.8207233468547
552,646.7546397346241
553,628.5285673058481
554,488.343107679095
555,397.1577369707465
556,783.0338547602815
557,854.4172188674306
558,1140.6997000923207
559,238.9399818019431
560,471.01092607849625
561,785.332773848692
562,956.913927479321
563,1828.0413813413031
564,2598.2183114858726
565,516.0858552664632
566,1701.4930329142844
567,694.5969243112131
568,1420.7875540233686
569,477.6957979053139
570,782.4628745421196
571,332.81492684164493
572,815.9711145491985
573,774.731875530128
574,580.8780298817406
575,1336.7311808581512
576,924.1879926768141
577,1186.0951209640957
578,1134.2613291479333
579,1250.713579615176
580,1066.906603799503
581,509.6813311657474
582,285.9654284130825
583,1748.9186276179641
584,527.3356911307807
585,719.2166398655122
586,908.5461139161132
587,2280.430619103552
588,1227.2834255932883
589,3224.9576798840444
590,676.906721825976
591,1013.8486901246166
592,444.2302065044445
593,1702.374396142256
594,584.4296745606175
595,758.6496409696807
596,3624.775219023426
597,526.0285497758562
598,809.7644415305248
599,560.2063471192595
600,552.6076143453228
601,760.0756726223635
602,1337.4204769247299
603,1448.123446560429
604,995.7899727701902
605,944.8915861880872
606,2982.2726533131704
607,720.074853962714
608,868.6443015441653
609,1431.2599303779602
610,724.3258221909355
611,751.0839817981248
612,1184.4397427761614
613,959.4351011427119
614,863.0031263551142
615,554.1299241055954
616,760.9685080121161
617,228.289778051647
618,1922.4432702274462
619,631.4469271369018
620,209.17305116945013
621,743.1388779614067
622,654.2134440047167
623,3161.270004728396
624,271.8274935100575
625,515.1357693730977
626,247.84228856987986
627,570.1589983532181
628,463.53537628511674
629,1070.3679523126498
630,2118.4377918318955
631,1018.9513486508117
632,748.413466933762
633,2481.3201322352243
634,601.2979289528848
635,1543.7333089819824
636,543.6459135124383
637,1936.3023536801766
638,238.30548401591125
639,961.0747290013315
640,736.7226733436878
641,3654.567499377241
642,1029.0891975897914
643,637.6593738945464
644,984.2686189840579
645,903.8139635525656
646,979.6731820005839
647,609.7945093713338
648,858.0278291655776
649,429.38967273042635
650,1035.5202620873672
651,515.1449928721355
652,306.1399672299409
653,751.4632048391122
654,705.1973053424508
655,754.2575535320453
656,1098.970713617947
657,1685.180760008461
658,1627.8507550329882
659,1022.1992085676329
660,2910.3691451378627
661,467.0463028641138
662,343.6941583892913
663,450.13516780932963
664,230.67547932795912
665,332.90910010690743
666,1253.9025114867318
667,645.006839388532
668,320.2241554940108
669,1252.4097195291968
670,2764.9866057040394
671,441.1921884148094
672,1613.8149942443604
673,573.9259174945367
674,2310.4503378060776
675,265.08824167273093
676,671.0712601553078
677,640.8287086558871
678,1031.9346959414956
679,833.2591119165204
680,1080.8572665888773
681,1043.2829541814153
682,2032.3555620700306
683,1403.7005890862888
684,3509.333416349774
685,1876.6074838336262
686,1180.290775148167
687,809.131500948645
688,353.802508423095
689,1209.518318255508
690,872.7250825226126
691,1161.3132638529544
692,2286.8971273823868
693,2873.5303190517607
694,378.81876752661583
695,407.2642763899835
696,836.2148688092951
697,653.4042298141435
698,355.79688475208525
699,835.6166767658593
700,938.0813954503544
701,302.04242907292536
702,543.3915943729323
703,2694.8309211548826
704,674.0170881832022
705,1578.6935080345206
706,902.8919842199416
707,995.5377986566264
708,389.22202105080845
709,743.402538026482
710,1281.8772245904602
711,2588.2368278806007
712,3080.1904042820356
713,2876.3722164369506
714,386.9211756496113
715,657.8170590192162
716,541.6554135008108
717,1429.0803964012216
718,498.7655489498036
719,717.5948926710687
720,473.14892614585887
721,1746.4584166851846
722,1079.6636268123052
723,415.3573197990565
724,816.5634035988031
725,2082.0179421401604
726,311.9966256652553
727,384.2881977700436
728,273.16585047257354
729,1377.7332705662861
730,1343.5530629748175
731,576.6744331407197
732,454.5392185842338
733,970.6834447390167
734,409.46217067709284
735,1122.8814909667508
736,2236.5796402097785
737,890.235699539193
738,646.9590937710833
739,2376.830899389985
740,295.7939229452492
741,272.1002480113815
742,522.6261876922558
743,561.2408776997103
744,998.9124140999004
745,1054.3943253227137
746,597.5096947782392
747,534.5982771076456
748,398.75950422099345
749,2862.9780144404986
750,1500.7667403260675
751,1418.8940597335218
752,252.3046791979825
753,624.3203757788117
754,344.40922695453685
755,1621.1945393268725
756,504.0454378385084
757,411.7786152760971
758,796.0717211819065
759,548.623244491292
760,729.4944634950252
761,385.37144189596063
762,968.9707127905328
763,488.00780474584064
764,982.6533171171941
765,1022.054862779235
766,194.54760203383123
767,1291.1079140368233
768,612.2800097962123
769,283.81175205739265
770,1124.1253710417989
771,960.3571713691672
772,1240.110976801085
773,1856.3253786722685
774,1182.7551751957226
775,428.76321254172774
776,1326.6277866781372
777,347.2929724877951
778,1510.9417945607258
779,958.9266425256485
780,872.8996886200205
781,877.3526169234999
782,561.1659613841401
783,414.8576902161415
784,601.745645070546
785,2540.642737724426
786,715.2196823730604
787,934.5439467160878
788,1314.196097072748
789,1906.1436556583117
790,881.8847181891337
791,2311.9451055162776
792,1736.0816825327306
793,396.60025310287494
794,994.3383768338427
795,1333.4787198724828
796,470.5286645791415
797,1178.1253671655663
798,286.41763855100317
799,1671.3536391683253
800,1026.4656542455803
801,600.2296815395176
802,959.9508880662512
803,868.071085121016
804,401.72780987472606
805,1351.5476951514986
806,572.7265460038702
807,1788.2757965673734
808,442.29729339603574
809,1005.9025516885226
810,1882.8302177576609
811,347.1394710581502
812,1038.6648475062234
813,1875.9665987627689
814,1106.172544580878
815,342.35242116607986
816,335.10596868158
817,3483.358159837351
818,333.06557111979646
819,407.07400239099337
820,1763.9258702640434
821,2662.734135059325
822,363.414367373033
823,746.2920664710474
824,374.7789645579307
825,345.937405647471
826,1270.0725531110247
827,394.873105646731
828,832.0726785275633
829,543.1631373183244
830,532.2006788301824
831,612.2275904887688
832,671.0517731242028
833,788.7484675669527
834,415.88739129202287
835,1713.8356128283972
836,366.6137478333963
837,567.3600546649927
838,1044.7113556005072
839,332.63096449268653
840,576.7499763787301
841,354.04080010987593
842,1698.6279710089957
843,1131.511807088806
844,847.3982223714793
845,849.1179729646725
846,1440.3633451736168
847,1045.4543410365031
848,1064.5114288795671
849,2147.4771291549896
850,426.6007882512422
851,451.2088303043191
852,404.1415270594441
853,377.30164151769566
854,762.6076173982757
855,870.2331520491571
856,238.27618506148485
857,463.7492434155975
858,1224.0217923681666
859,981.487437778075
860,390.84394275740436
861,405.0475441270137
862,494.572728854495
863,705.4741620721122
864,356.90377974989536
865,515.3881137767875
866,902.547197223272
867,481.86815062673196
868,707.848366779123
869,1100.1029817474387
870,2479.613242437297
871,785.9166790532954
872,2206.1311427723995
873,523.7909255954255
874,530.1393765460399
875,1886.1897914528727
876,516.0497170269846
877,1396.8071387551438
878,313.78312513710927
879,1020.441584937332
880,1058.6976140706884
881,469.24859289526665
882,427.76951911562975
883,1349.942538591383
884,1219.896196819015
885,1686.2849117626683
886,384.97994281301965
887,468.9022967654067
888,677.4967386256609
889,1122.5261771007022
890,1949.2724146613816
891,510.88458736021965
892,804.7702195772662
893,791.883711119074
894,730.1216965001914
895,431.27668404984024
896,1744.1572851377564
897,1325.0167485907807
898,1059.7593481612234
899,805.2917275461043
900,542.494415070526
901,1351.1269225603735
902,3269.254438850319
903,1233.84890430692
904,248.05831539131123
905,1002.3000174079278
906,1135.6725877677814
907,1041.9036123812348
908,1525.6471644345252
909,901.9609501825141
910,1187.603863637927
911,1678.5185607486962
912,2911.7913846958613
913,1145.0245365006444
914,374.11428486553933
915,1010.9471028593473
916,493.67877474498295
917,552.2634769216013
918,249.49437277111988
919,1672.7604829640604
920,407.7401756836065
921,1750.1624190381674
922,494.1392702358183
923,1406.461735114864
924,487.8432675704577
925,1264.1793708182977
926,320.6663253433797
927,636.6343395511009
928,835.2897670654726
929,586.3106706055332
930,439.02735876266144
931,2912.1048513581754
932,696.6450174594036
933,629.6629973459271
934,704.6179744173264
935,548.7041355853872
936,2442.964892213837
937,681.9613824155571
938,778.2500171348823
939,1270.3491065187
940,1001.0691450197057
941,1772.3692072548495
942,472.1268884604845
943,802.8019465927605
944,523.2533012190794
945,1023.0670217609911
946,2169.1649360792735
947,1451.2470362808422
948,810.7861382363408
949,904.0510324583591
950,419.24778238306277
951,449.61905851718603
952,1629.893076901361
953,1248.5655839182052
954,1840.0579525155456
955,632.8752827379769
956,379.6987860008637
957,609.2391320378624
958,331.3137731780039
959,205.8239642788832
960,239.2458615040502
961,1806.708976998587
962,486.9152142950714
963,844.2100790806367
964,1403.3164360771532
965,688.3243447884158
966,923.5472105982669
967,394.2946458751052
968,666.2168160777135
969,2084.781952536698
970,1019.70632128959
971,619.334079316555
972,1151.811765321579
973,856.7147514634573
974,891.360042159056
975,518.0539759183287
976,1260.2182449737336
977,746.6925835627384
978,311.7059994556007
979,2751.564995256157
980,2144.708734347312
981,1778.6469114355464
982,687.2050985873714
983,1093.5350426331859
984,817.6449657170341
985,2533.4580490488524
986,273.7483819546143
987,2154.2571917330774
988,1582.363954515559
989,964.5661678789347
990,357.9248891452288
991,624.2321990379884
992,992.0398126263908
993,822.3860993092178
994,639.352536780887
995,1958.6303990135739
996,638.8550259122561
997,543.7591486559054
998,192.8802254701021
999,371.2844034089893
